word_id,word,prior_sim_val,single_primer,word_len,sent_num,passage
1,air,0.0,0.0,3,1,air.txt
2,is,0.0,0.0,2,1,air.txt
3,all,0.0,0.0,3,1,air.txt
4,around,0.0,0.0,6,1,air.txt
5,us,0.0,0.0,2,1,air.txt
6,but,0.0,0.0,3,2,air.txt
7,we,0.0,0.0,2,2,air.txt
8,ca,0.0,0.0,2,2,air.txt
9,n't,0.0,0.0,3,2,air.txt
10,see,0.0,0.0,3,2,air.txt
11,it,0.0,0.0,2,2,air.txt
12,how,0.0,0.0,3,3,air.txt
13,do,0.0,0.0,2,3,air.txt
14,we,0.0,0.0,2,3,air.txt
15,know,0.0,0.012025665491819382,4,3,air.txt
16,it,0.0,0.0,2,3,air.txt
17,is,0.0,0.0,2,3,air.txt
18,there,0.0,0.0,5,3,air.txt
19,there,0.0,0.0,5,4,air.txt
20,are,0.0,0.0,3,4,air.txt
21,many,0.0,0.0,4,4,air.txt
22,ways,0.0,0.2604660391807556,4,4,air.txt
23,we,0.0,0.0,2,5,air.txt
24,can,0.0,0.0,3,5,air.txt
25,see,0.0,0.0,3,5,air.txt
26,what,0.0,0.0,4,5,air.txt
27,air,0.0,0.07145970314741135,3,5,air.txt
28,does,0.0,0.0,4,5,air.txt
29,moving,0.0,0.2724030017852783,6,6,air.txt
30,air,0.2724030017852783,0.2724030017852783,3,6,air.txt
31,is,0.0,0.0,2,6,air.txt
32,called,0.17982496321201324,0.06662553548812866,6,6,air.txt
33,wind,0.29534710198640823,0.08241196721792221,4,6,air.txt
34,wind,0.0,1.0,4,7,air.txt
35,moves,0.3250700533390045,0.3250700533390045,5,7,air.txt
36,plants,0.27488452941179276,0.20137591660022736,6,7,air.txt
37,wind,0.0,0.34839314222335815,4,8,air.txt
38,moves,0.3250700533390045,0.3250700533390045,5,8,air.txt
39,dirt,0.2220766544342041,0.16209393739700317,4,8,air.txt
40,strong,0.0,0.04411785304546356,6,9,air.txt
41,winds,0.31568628549575806,0.31568628549575806,5,9,air.txt
42,can,0.0,0.0,3,9,air.txt
43,move,0.0,0.0,4,9,air.txt
44,heavy,0.4328750818967819,0.3954678773880005,5,9,air.txt
45,things,0.2460182160139084,0.16840703785419464,6,9,air.txt
46,strong,0.0,0.3196169137954712,6,10,air.txt
47,winds,0.31568628549575806,0.31568628549575806,5,10,air.txt
48,can,0.0,0.0,3,10,air.txt
49,even,0.0,0.0,4,10,air.txt
50,move,0.0,0.0,4,10,air.txt
51,a,0.0,0.0,1,10,air.txt
52,house,0.18003740161657333,0.2096143215894699,5,10,air.txt
53,we,0.0,0.0,2,11,air.txt
54,can,0.0,0.0,3,11,air.txt
55,weigh,0.0,0.06861312687397003,5,11,air.txt
56,air,0.09353186935186386,0.09353186935186386,3,11,air.txt
57,we,0.0,0.0,2,12,air.txt
58,can,0.0,0.0,3,12,air.txt
59,weigh,0.0,0.09353186935186386,5,12,air.txt
60,two,0.0,0.0,3,12,air.txt
61,balloons,0.1506548970937729,0.1506548970937729,8,12,air.txt
62,the,0.0,0.0,3,13,air.txt
63,one,0.0,0.0,3,13,air.txt
64,with,0.0,0.0,4,13,air.txt
65,a,0.0,0.0,1,13,air.txt
66,lot,0.0,0.11818628758192062,3,13,air.txt
67,of,0.0,0.0,2,13,air.txt
68,air,0.051036443561315536,0.051036443561315536,3,13,air.txt
69,weighs,0.12229761853814125,0.10975616425275803,6,13,air.txt
70,more,0.0,0.0,4,13,air.txt
71,we,0.0,0.0,2,14,air.txt
72,can,0.0,0.0,3,14,air.txt
73,see,0.0,0.0,3,14,air.txt
74,what,0.0,0.0,4,14,air.txt
75,air,0.0,0.10975616425275803,3,14,air.txt
76,does,0.0,0.0,4,14,air.txt
77,we,0.0,0.0,2,15,air.txt
78,can,0.0,0.0,3,15,air.txt
79,weigh,0.0,0.09353186935186386,5,15,air.txt
80,air,0.09353186935186386,0.09353186935186386,3,15,air.txt
81,then,0.0,0.0,4,16,air.txt
82,we,0.0,0.0,2,16,air.txt
83,know,0.0,0.012025665491819382,4,16,air.txt
84,it,0.0,0.0,2,16,air.txt
85,is,0.0,0.0,2,16,air.txt
86,there,0.0,0.0,5,16,air.txt
1,once,0.0,0.0,4,1,mouse_in_the_house.txt
2,there,0.0,0.0,5,1,mouse_in_the_house.txt
3,was,0.0,0.0,3,1,mouse_in_the_house.txt
4,a,0.0,0.0,1,1,mouse_in_the_house.txt
5,mouse,0.0,0.0,5,1,mouse_in_the_house.txt
6,he,0.0,0.0,2,2,mouse_in_the_house.txt
7,lived,0.0,0.04622902721166611,5,2,mouse_in_the_house.txt
8,in,0.0,0.0,2,2,mouse_in_the_house.txt
9,a,0.0,0.0,1,2,mouse_in_the_house.txt
10,wall,7.501524123654235e-06,7.501524123654235e-06,4,2,mouse_in_the_house.txt
11,of,0.0,0.0,2,2,mouse_in_the_house.txt
12,an,0.0,0.0,2,2,mouse_in_the_house.txt
13,old,0.18709944933652878,0.11813153326511383,3,2,mouse_in_the_house.txt
14,house,0.32051077981789905,0.19874422252178192,5,2,mouse_in_the_house.txt
15,each,0.0,0.0,4,3,mouse_in_the_house.txt
16,night,0.0,0.40952834486961365,5,3,mouse_in_the_house.txt
17,the,0.0,0.0,3,3,mouse_in_the_house.txt
18,mouse,0.15892401337623596,0.15892401337623596,5,3,mouse_in_the_house.txt
19,went,0.17218405194580555,0.020690444856882095,4,3,mouse_in_the_house.txt
20,to,0.0,0.0,2,3,mouse_in_the_house.txt
21,the,0.0,0.0,3,3,mouse_in_the_house.txt
22,kitchen,0.2076048950354258,0.10267218947410583,7,3,mouse_in_the_house.txt
23,he,0.0,0.0,2,4,mouse_in_the_house.txt
24,wanted,0.0,0.2067001610994339,6,4,mouse_in_the_house.txt
25,to,0.0,0.0,2,4,mouse_in_the_house.txt
26,find,0.2641910910606384,0.2641910910606384,4,4,mouse_in_the_house.txt
27,something,0.0,0.0,9,4,mouse_in_the_house.txt
28,to,0.0,0.0,2,4,mouse_in_the_house.txt
29,eat,0.28407122194767,0.3794480264186859,3,4,mouse_in_the_house.txt
30,the,0.0,0.0,3,5,mouse_in_the_house.txt
31,man,0.0,0.087431401014328,3,5,mouse_in_the_house.txt
32,who,0.0,0.0,3,5,mouse_in_the_house.txt
33,lived,0.1963769793510437,0.1963769793510437,5,5,mouse_in_the_house.txt
34,in,0.0,0.0,2,5,mouse_in_the_house.txt
35,the,0.0,0.0,3,5,mouse_in_the_house.txt
36,house,0.306144118309021,0.3466600775718689,5,5,mouse_in_the_house.txt
37,heard,0.23666684329509735,0.18590719997882843,5,5,mouse_in_the_house.txt
38,the,0.0,0.0,3,5,mouse_in_the_house.txt
39,mouse,0.1545245572924614,0.10924302786588669,5,5,mouse_in_the_house.txt
40,he,0.0,0.0,2,6,mouse_in_the_house.txt
41,knew,0.0,0.07358726114034653,4,6,mouse_in_the_house.txt
42,the,0.0,0.0,3,6,mouse_in_the_house.txt
43,mouse,0.07358726114034653,0.07358726114034653,5,6,mouse_in_the_house.txt
44,lived,0.19644558057188988,0.04622902721166611,5,6,mouse_in_the_house.txt
45,in,0.0,0.0,2,6,mouse_in_the_house.txt
46,the,0.0,0.0,3,6,mouse_in_the_house.txt
47,wall,0.1023633867192378,7.501524123654235e-06,4,6,mouse_in_the_house.txt
48,but,0.0,0.0,3,7,mouse_in_the_house.txt
49,he,0.0,0.0,2,7,mouse_in_the_house.txt
50,did,0.0,0.0,3,7,mouse_in_the_house.txt
51,n't,0.0,0.0,3,7,mouse_in_the_house.txt
52,mind,0.0,0.13797451555728912,4,7,mouse_in_the_house.txt
53,then,0.0,0.0,4,8,mouse_in_the_house.txt
54,one,0.0,0.0,3,8,mouse_in_the_house.txt
55,day,0.0,0.16629579663276672,3,8,mouse_in_the_house.txt
56,the,0.0,0.0,3,8,mouse_in_the_house.txt
57,man,0.23612983524799347,0.23612983524799347,3,8,mouse_in_the_house.txt
58,decided,0.11456482298672199,0.04385991767048836,7,8,mouse_in_the_house.txt
59,to,0.0,0.0,2,8,mouse_in_the_house.txt
60,sell,0.07091804454103112,0.2250005006790161,4,8,mouse_in_the_house.txt
61,the,0.0,0.0,3,8,mouse_in_the_house.txt
62,house,0.26253078505396843,0.22266940772533417,5,8,mouse_in_the_house.txt
63,he,0.0,0.0,2,9,mouse_in_the_house.txt
64,loved,0.0,0.2663286328315735,5,9,mouse_in_the_house.txt
65,the,0.0,0.0,3,9,mouse_in_the_house.txt
66,old,0.20893342792987823,0.20893342792987823,3,9,mouse_in_the_house.txt
67,house,0.2325364276766777,0.19874422252178192,5,9,mouse_in_the_house.txt
68,but,0.0,0.0,3,10,mouse_in_the_house.txt
69,it,0.0,0.0,2,10,mouse_in_the_house.txt
70,was,0.0,0.0,3,10,mouse_in_the_house.txt
71,too,0.0,0.0,3,10,mouse_in_the_house.txt
72,big,0.0,0.1376665234565735,3,10,mouse_in_the_house.txt
73,he,0.0,0.0,2,11,mouse_in_the_house.txt
74,put,0.0,0.0,3,11,mouse_in_the_house.txt
75,an,0.0,0.0,2,11,mouse_in_the_house.txt
76,ad,0.0,0.04360843077301979,2,11,mouse_in_the_house.txt
77,in,0.0,0.0,2,11,mouse_in_the_house.txt
78,the,0.0,0.0,3,11,mouse_in_the_house.txt
79,paper,0.1438918560743332,0.1438918560743332,5,11,mouse_in_the_house.txt
80,it,0.0,0.0,2,12,mouse_in_the_house.txt
81,said,0.0,-0.027439003810286522,4,12,mouse_in_the_house.txt
82,100,-0.09161631762981415,-0.09161631762981415,3,12,mouse_in_the_house.txt
83,year,0.12012319639325142,0.158310666680336,4,12,mouse_in_the_house.txt
84,old,0.013057513162493706,0.14645196497440338,3,12,mouse_in_the_house.txt
85,house,0.12591959908604622,0.19874422252178192,5,12,mouse_in_the_house.txt
86,for,0.0,0.0,3,12,mouse_in_the_house.txt
87,sale,0.10396179780364037,0.2513563632965088,4,12,mouse_in_the_house.txt
88,call,0.0,0.0,4,13,mouse_in_the_house.txt
89,224,0.0,0.07372713834047318,3,13,mouse_in_the_house.txt
90,3414,0.42826932668685913,0.42826932668685913,4,13,mouse_in_the_house.txt
91,many,0.0,0.0,4,14,mouse_in_the_house.txt
92,people,0.0,-0.13468976318836212,6,14,mouse_in_the_house.txt
93,called,0.07708162814378738,0.07708162814378738,6,14,mouse_in_the_house.txt
94,and,0.0,0.0,3,14,mouse_in_the_house.txt
95,wanted,0.3199473023414612,0.31491610407829285,6,14,mouse_in_the_house.txt
96,to,0.0,0.0,2,14,mouse_in_the_house.txt
97,visit,0.19201317926247916,0.22733493149280548,5,14,mouse_in_the_house.txt
98,the,0.0,0.0,3,14,mouse_in_the_house.txt
99,house,0.2446771375834942,0.24526271224021912,5,14,mouse_in_the_house.txt
100,two,0.0,0.0,3,15,mouse_in_the_house.txt
101,people,0.0,0.263571172952652,6,15,mouse_in_the_house.txt
102,came,0.1360793262720108,0.1360793262720108,4,15,mouse_in_the_house.txt
103,on,0.0,0.0,2,15,mouse_in_the_house.txt
104,sunday,0.10915539041161537,0.1377745121717453,6,15,mouse_in_the_house.txt
105,they,0.0,0.0,4,16,mouse_in_the_house.txt
106,walked,0.0,0.18632687628269196,6,16,mouse_in_the_house.txt
107,up,0.0,0.0,2,16,mouse_in_the_house.txt
108,the,0.0,0.0,3,16,mouse_in_the_house.txt
109,old,0.17197957634925842,0.17197957634925842,3,16,mouse_in_the_house.txt
110,stairs,0.23414397984743118,0.08174575865268707,6,16,mouse_in_the_house.txt
111,when,0.0,0.0,4,17,mouse_in_the_house.txt
112,they,0.0,0.0,4,17,mouse_in_the_house.txt
113,got,0.0,0.1950882226228714,3,17,mouse_in_the_house.txt
114,to,0.0,0.0,2,17,mouse_in_the_house.txt
115,the,0.0,0.0,3,17,mouse_in_the_house.txt
116,top,0.0,0.0,3,17,mouse_in_the_house.txt
117,the,0.0,0.0,3,17,mouse_in_the_house.txt
118,mouse,0.10973075032234192,0.10973075032234192,5,17,mouse_in_the_house.txt
119,ran,0.17939392663538456,-0.01801992580294609,3,17,mouse_in_the_house.txt
120,down,0.0,0.0,4,17,mouse_in_the_house.txt
121,the,0.0,0.0,3,17,mouse_in_the_house.txt
122,wall,0.15023131420214972,0.06358020752668381,4,17,mouse_in_the_house.txt
123,he,0.0,0.0,2,18,mouse_in_the_house.txt
124,ran,0.0,0.06358020752668381,3,18,mouse_in_the_house.txt
125,up,0.0,0.0,2,18,mouse_in_the_house.txt
126,and,0.0,0.0,3,18,mouse_in_the_house.txt
127,down,0.0,0.0,4,18,mouse_in_the_house.txt
128,the,0.0,0.0,3,18,mouse_in_the_house.txt
129,inside,-0.0012565938523039222,-0.0012565938523039222,6,18,mouse_in_the_house.txt
130,of,0.0,0.0,2,18,mouse_in_the_house.txt
131,the,0.0,0.0,3,18,mouse_in_the_house.txt
132,wall,0.3018674813210964,0.540154755115509,4,18,mouse_in_the_house.txt
133,up,0.0,0.0,2,19,mouse_in_the_house.txt
134,and,0.0,0.0,3,19,mouse_in_the_house.txt
135,down,0.0,0.0,4,19,mouse_in_the_house.txt
136,the,0.0,0.0,3,20,mouse_in_the_house.txt
137,people,0.0,0.07873675972223282,6,20,mouse_in_the_house.txt
138,heard,0.1788923293352127,0.1788923293352127,5,20,mouse_in_the_house.txt
139,the,0.0,0.0,3,20,mouse_in_the_house.txt
140,mouse,0.11627866700291634,0.10924302786588669,5,20,mouse_in_the_house.txt
141,they,0.0,0.0,4,21,mouse_in_the_house.txt
142,said,0.0,-0.06219315901398659,4,21,mouse_in_the_house.txt
143,we,0.0,0.0,2,21,mouse_in_the_house.txt
144,do,0.0,0.0,2,21,mouse_in_the_house.txt
145,n't,0.0,0.0,3,21,mouse_in_the_house.txt
146,want,0.15069642663002014,0.15069642663002014,4,21,mouse_in_the_house.txt
147,the,0.0,0.0,3,21,mouse_in_the_house.txt
148,house,0.13877125084400177,0.20271113514900208,5,21,mouse_in_the_house.txt
149,the,0.0,0.0,3,22,mouse_in_the_house.txt
150,mouse,0.0,0.30104371905326843,5,22,mouse_in_the_house.txt
151,was,0.0,0.0,3,22,mouse_in_the_house.txt
152,very,0.0,0.0,4,22,mouse_in_the_house.txt
153,happy,0.15373098850250244,0.15373098850250244,5,22,mouse_in_the_house.txt
154,he,0.0,0.0,2,23,mouse_in_the_house.txt
155,was,0.0,0.0,3,23,mouse_in_the_house.txt
156,afraid,0.0,0.5209990739822388,6,23,mouse_in_the_house.txt
157,that,0.0,0.0,4,23,mouse_in_the_house.txt
158,new,-0.02721848338842392,-0.02721848338842392,3,23,mouse_in_the_house.txt
159,people,0.2287023887038231,0.16684432327747345,6,23,mouse_in_the_house.txt
160,would,0.0,0.0,5,23,mouse_in_the_house.txt
161,try,0.2518775959809621,0.22018687427043915,3,23,mouse_in_the_house.txt
162,to,0.0,0.0,2,23,mouse_in_the_house.txt
163,get,0.0,0.0,3,23,mouse_in_the_house.txt
164,rid,0.17904566135257483,0.2826520800590515,3,23,mouse_in_the_house.txt
165,of,0.0,0.0,2,23,mouse_in_the_house.txt
166,him,0.0,0.0,3,23,mouse_in_the_house.txt
167,every,0.0,0.0,5,24,mouse_in_the_house.txt
168,time,0.0,-0.015171396546065807,4,24,mouse_in_the_house.txt
169,someone,0.0,0.0,7,24,mouse_in_the_house.txt
170,visited,0.22553880512714386,0.22553880512714386,7,24,mouse_in_the_house.txt
171,the,0.0,0.0,3,24,mouse_in_the_house.txt
172,house,0.3389198035001755,0.29671433568000793,5,24,mouse_in_the_house.txt
173,the,0.0,0.0,3,24,mouse_in_the_house.txt
174,mouse,0.1775349366168181,0.30104371905326843,5,24,mouse_in_the_house.txt
175,would,0.0,0.0,5,24,mouse_in_the_house.txt
176,do,0.0,0.0,2,24,mouse_in_the_house.txt
177,the,0.0,0.0,3,24,mouse_in_the_house.txt
178,same,0.0,0.0,4,24,mouse_in_the_house.txt
179,thing,0.3214740976691246,0.30053937435150146,5,24,mouse_in_the_house.txt
180,he,0.0,0.0,2,25,mouse_in_the_house.txt
181,would,0.0,0.0,5,25,mouse_in_the_house.txt
182,run,0.0,0.22145073115825653,3,25,mouse_in_the_house.txt
183,up,0.0,0.0,2,25,mouse_in_the_house.txt
184,and,0.0,0.0,3,25,mouse_in_the_house.txt
185,down,0.0,0.0,4,25,mouse_in_the_house.txt
186,the,0.0,0.0,3,25,mouse_in_the_house.txt
187,wall,0.15411832928657532,0.15411832928657532,4,25,mouse_in_the_house.txt
188,between,0.0,0.0,7,25,mouse_in_the_house.txt
189,the,0.0,0.0,3,25,mouse_in_the_house.txt
190,first,0.0,0.0,5,25,mouse_in_the_house.txt
191,and,0.0,0.0,3,25,mouse_in_the_house.txt
192,second,0.2163621261715889,0.17181162536144257,6,25,mouse_in_the_house.txt
193,floors,0.2888529549042384,0.1458708494901657,6,25,mouse_in_the_house.txt
194,every,0.0,0.0,5,26,mouse_in_the_house.txt
195,time,0.0,0.24081683158874512,4,26,mouse_in_the_house.txt
196,the,0.0,0.0,3,26,mouse_in_the_house.txt
197,people,0.3747120797634125,0.3747120797634125,6,26,mouse_in_the_house.txt
198,left,0.16147306188941002,0.11082816869020462,4,26,mouse_in_the_house.txt
199,without,0.0,0.0,7,26,mouse_in_the_house.txt
200,buying,0.2452421635389328,0.13745830953121185,6,26,mouse_in_the_house.txt
201,the,0.0,0.0,3,26,mouse_in_the_house.txt
202,house,0.3031672164797783,0.3089025616645813,5,26,mouse_in_the_house.txt
203,then,0.0,0.0,4,27,mouse_in_the_house.txt
204,a,0.0,0.0,1,27,mouse_in_the_house.txt
205,family,0.0,0.5391389727592468,6,27,mouse_in_the_house.txt
206,came,0.17984668910503387,0.17984668910503387,4,27,mouse_in_the_house.txt
207,to,0.0,0.0,2,27,mouse_in_the_house.txt
208,see,0.0,0.0,3,27,mouse_in_the_house.txt
209,the,0.0,0.0,3,27,mouse_in_the_house.txt
210,house,0.37501435726881027,0.21088974177837372,5,27,mouse_in_the_house.txt
211,the,0.0,0.0,3,28,mouse_in_the_house.txt
212,house,0.0,1.0,5,28,mouse_in_the_house.txt
213,was,0.0,0.0,3,28,mouse_in_the_house.txt
214,just,0.0,0.0,4,28,mouse_in_the_house.txt
215,the,0.0,0.0,3,28,mouse_in_the_house.txt
216,right,0.3838998079299927,0.3838998079299927,5,28,mouse_in_the_house.txt
217,size,0.15628884732723236,0.1847125142812729,4,28,mouse_in_the_house.txt
218,for,0.0,0.0,3,28,mouse_in_the_house.txt
219,them,0.0,0.0,4,28,mouse_in_the_house.txt
220,when,0.0,0.0,4,29,mouse_in_the_house.txt
221,they,0.0,0.0,4,29,mouse_in_the_house.txt
222,walked,0.0,-0.020890699699521065,6,29,mouse_in_the_house.txt
223,up,0.0,0.0,2,29,mouse_in_the_house.txt
224,the,0.0,0.0,3,29,mouse_in_the_house.txt
225,stairs,0.3865422010421753,0.3865422010421753,6,29,mouse_in_the_house.txt
226,the,0.0,0.0,3,29,mouse_in_the_house.txt
227,mouse,0.18153680860996246,0.25984716415405273,5,29,mouse_in_the_house.txt
228,ran,0.24288154020905495,-0.01801992580294609,3,29,mouse_in_the_house.txt
229,up,0.0,0.0,2,29,mouse_in_the_house.txt
230,and,0.0,0.0,3,29,mouse_in_the_house.txt
231,down,0.0,0.0,4,29,mouse_in_the_house.txt
232,the,0.0,0.0,3,29,mouse_in_the_house.txt
233,wall,0.28125334717333317,0.06358020752668381,4,29,mouse_in_the_house.txt
234,they,0.0,0.0,4,30,mouse_in_the_house.txt
235,heard,0.0,0.07152622938156128,5,30,mouse_in_the_house.txt
236,him,0.0,0.0,3,30,mouse_in_the_house.txt
237,and,0.0,0.0,3,30,mouse_in_the_house.txt
238,said,0.3982781171798706,0.3982781171798706,4,30,mouse_in_the_house.txt
239,oh,0.04097324376925826,-0.012547467835247517,2,30,mouse_in_the_house.txt
240,you,0.0,0.0,3,30,mouse_in_the_house.txt
241,have,0.0,0.0,4,30,mouse_in_the_house.txt
242,a,0.0,0.0,1,30,mouse_in_the_house.txt
243,mouse,0.01316363193715612,-0.007558973040431738,5,30,mouse_in_the_house.txt
244,we,0.0,0.0,2,31,mouse_in_the_house.txt
245,love,0.0,0.13214907050132751,4,31,mouse_in_the_house.txt
246,the,0.0,0.0,3,31,mouse_in_the_house.txt
247,house,0.21180516481399536,0.21180516481399536,5,31,mouse_in_the_house.txt
248,so,0.0,0.0,2,31,mouse_in_the_house.txt
249,much,0.0,0.0,4,31,mouse_in_the_house.txt
250,we,0.0,0.0,2,31,mouse_in_the_house.txt
251,'ll,0.0,0.0,3,31,mouse_in_the_house.txt
252,buy,0.1598135307431221,0.13962234556674957,3,31,mouse_in_the_house.txt
253,it,0.0,0.0,2,31,mouse_in_the_house.txt
254,mouse,0.16710288325945535,0.06811586022377014,5,31,mouse_in_the_house.txt
255,and,0.0,0.0,3,31,mouse_in_the_house.txt
256,all,0.0,0.0,3,31,mouse_in_the_house.txt
1,all,0.0,0.0,3,1,the_brain_and_five_senses.txt
2,people,0.0,0.0,6,1,the_brain_and_five_senses.txt
3,have,0.0,0.0,4,1,the_brain_and_five_senses.txt
4,five,0.0,0.0,4,1,the_brain_and_five_senses.txt
5,senses,0.4031957685947418,0.4031957685947418,6,1,the_brain_and_five_senses.txt
6,people,0.0,0.4031957685947418,6,2,the_brain_and_five_senses.txt
7,have,0.0,0.0,4,2,the_brain_and_five_senses.txt
8,eyes,0.20621971786022186,0.20621971786022186,4,2,the_brain_and_five_senses.txt
9,ears,0.4451064094901085,0.6826652884483337,4,2,the_brain_and_five_senses.txt
10,a,0.0,0.0,1,2,the_brain_and_five_senses.txt
11,nose,0.43172292535503703,0.6706891059875488,4,2,the_brain_and_five_senses.txt
12,a,0.0,0.0,1,2,the_brain_and_five_senses.txt
13,mouth,0.49789948761463165,0.6618245244026184,5,2,the_brain_and_five_senses.txt
14,and,0.0,0.0,3,2,the_brain_and_five_senses.txt
15,hands,0.44038211107254027,0.45735079050064087,5,2,the_brain_and_five_senses.txt
16,each,0.0,0.0,4,3,the_brain_and_five_senses.txt
17,of,0.0,0.0,2,3,the_brain_and_five_senses.txt
18,the,0.0,0.0,3,3,the_brain_and_five_senses.txt
19,senses,0.0,0.36757299304008484,6,3,the_brain_and_five_senses.txt
20,is,0.0,0.0,2,3,the_brain_and_five_senses.txt
21,part,0.0,0.0,4,3,the_brain_and_five_senses.txt
22,of,0.0,0.0,2,3,the_brain_and_five_senses.txt
23,the,0.0,0.0,3,3,the_brain_and_five_senses.txt
24,brain,0.5680075883865356,0.5680075883865356,5,3,the_brain_and_five_senses.txt
25,the,0.0,0.0,3,4,the_brain_and_five_senses.txt
26,brain,0.0,1.0,5,4,the_brain_and_five_senses.txt
27,makes,0.22571150958538055,0.22571150958538055,5,4,the_brain_and_five_senses.txt
28,the,0.0,0.0,3,4,the_brain_and_five_senses.txt
29,senses,0.4496583193540573,0.331309050321579,6,4,the_brain_and_five_senses.txt
30,work,0.2503348688284556,0.26833075284957886,4,4,the_brain_and_five_senses.txt
31,people,0.0,0.38861283659935,6,5,the_brain_and_five_senses.txt
32,hear,0.20590165257453918,0.20590165257453918,4,5,the_brain_and_five_senses.txt
33,with,0.0,0.0,4,5,the_brain_and_five_senses.txt
34,their,0.0,0.0,5,5,the_brain_and_five_senses.txt
35,ears,0.2817050442099571,0.355862557888031,4,5,the_brain_and_five_senses.txt
36,people,0.0,0.20754753053188324,6,6,the_brain_and_five_senses.txt
37,see,0.0,0.0,3,6,the_brain_and_five_senses.txt
38,with,0.0,0.0,4,6,the_brain_and_five_senses.txt
39,their,0.0,0.0,5,6,the_brain_and_five_senses.txt
40,eyes,0.20621971786022186,0.20621971786022186,4,6,the_brain_and_five_senses.txt
41,they,0.0,0.0,4,7,the_brain_and_five_senses.txt
42,smell,0.0,0.3309552073478699,5,7,the_brain_and_five_senses.txt
43,with,0.0,0.0,4,7,the_brain_and_five_senses.txt
44,their,0.0,0.0,5,7,the_brain_and_five_senses.txt
45,noses,0.3298792541027069,0.3298792541027069,5,7,the_brain_and_five_senses.txt
46,they,0.0,0.0,4,8,the_brain_and_five_senses.txt
47,taste,0.0,0.24678392708301544,5,8,the_brain_and_five_senses.txt
48,with,0.0,0.0,4,8,the_brain_and_five_senses.txt
49,their,0.0,0.0,5,8,the_brain_and_five_senses.txt
50,mouths,0.30918335914611816,0.30918335914611816,6,8,the_brain_and_five_senses.txt
51,people,0.0,0.29805001616477966,6,9,the_brain_and_five_senses.txt
52,touch,0.1704036444425583,0.1704036444425583,5,9,the_brain_and_five_senses.txt
53,things,0.49426670372486115,0.37142887711524963,6,9,the_brain_and_five_senses.txt
54,with,0.0,0.0,4,9,the_brain_and_five_senses.txt
55,their,0.0,0.0,5,9,the_brain_and_five_senses.txt
56,hands,0.41837002833684284,0.4448991119861603,5,9,the_brain_and_five_senses.txt
57,but,0.0,0.0,3,10,the_brain_and_five_senses.txt
58,without,0.0,0.0,7,10,the_brain_and_five_senses.txt
59,the,0.0,0.0,3,10,the_brain_and_five_senses.txt
60,brain,0.0,0.34252822399139404,5,10,the_brain_and_five_senses.txt
61,people,0.2986314594745636,0.2986314594745636,6,10,the_brain_and_five_senses.txt
62,would,0.0,0.0,5,10,the_brain_and_five_senses.txt
63,not,0.0,0.0,3,10,the_brain_and_five_senses.txt
64,see,0.0,0.0,3,10,the_brain_and_five_senses.txt
65,hear,0.19531036168336868,0.20590165257453918,4,10,the_brain_and_five_senses.txt
66,smell,0.25584961473941803,0.3600693941116333,5,10,the_brain_and_five_senses.txt
67,taste,0.34893597662448883,0.6723256707191467,5,10,the_brain_and_five_senses.txt
68,or,0.0,0.0,2,10,the_brain_and_five_senses.txt
69,touch,0.320421040058136,0.46028560400009155,5,10,the_brain_and_five_senses.txt
70,the,0.0,0.0,3,11,the_brain_and_five_senses.txt
71,brain,0.0,0.23511378467082977,5,11,the_brain_and_five_senses.txt
72,makes,0.22571150958538055,0.22571150958538055,5,11,the_brain_and_five_senses.txt
73,all,0.0,0.0,3,11,the_brain_and_five_senses.txt
74,our,0.0,0.0,3,11,the_brain_and_five_senses.txt
75,senses,0.4496583193540573,0.331309050321579,6,11,the_brain_and_five_senses.txt
76,work,0.2503348688284556,0.26833075284957886,4,11,the_brain_and_five_senses.txt
1,sam,0.0,0.0,3,1,the_surprise.txt
2,'s,0.0,0.0,2,1,the_surprise.txt
3,birthday,0.08177003264427185,0.08177003264427185,8,1,the_surprise.txt
4,was,0.0,0.0,3,1,the_surprise.txt
5,in,0.0,0.0,2,1,the_surprise.txt
6,two,0.0,0.0,3,1,the_surprise.txt
7,days,0.07700274512171745,0.20693349838256836,4,1,the_surprise.txt
8,he,0.0,0.0,2,2,the_surprise.txt
9,was,0.0,0.0,3,2,the_surprise.txt
10,going,0.0,0.2322753369808197,5,2,the_surprise.txt
11,to,0.0,0.0,2,2,the_surprise.txt
12,be,0.0,0.0,2,2,the_surprise.txt
13,seven,0.09533217549324036,0.09533217549324036,5,2,the_surprise.txt
14,years,0.2085757628083229,0.2854452133178711,5,2,the_surprise.txt
15,old,0.17291990170876184,0.2530520260334015,3,2,the_surprise.txt
16,he,0.0,0.0,2,3,the_surprise.txt
17,wanted,0.0,0.10528106987476349,6,3,the_surprise.txt
18,a,0.0,0.0,1,3,the_surprise.txt
19,play,0.22588138282299042,0.22588138282299042,4,3,the_surprise.txt
20,station,0.05641750246286392,0.07299511134624481,7,3,the_surprise.txt
21,game,0.2766392007470131,0.08256625384092331,4,3,the_surprise.txt
22,he,0.0,0.0,2,4,the_surprise.txt
23,also,0.0,0.0,4,4,the_surprise.txt
24,wanted,0.0,0.15063941478729248,6,4,the_surprise.txt
25,a,0.0,0.0,1,4,the_surprise.txt
26,new,0.21992090344429016,0.21992090344429016,3,4,the_surprise.txt
27,bike,0.11418730020523071,0.12177581340074539,4,4,the_surprise.txt
28,but,0.0,0.0,3,5,the_surprise.txt
29,most,0.0,0.0,4,5,the_surprise.txt
30,of,0.0,0.0,2,5,the_surprise.txt
31,all,0.0,0.0,3,5,the_surprise.txt
32,he,0.0,0.0,2,5,the_surprise.txt
33,wanted,0.0,0.10659878700971603,6,5,the_surprise.txt
34,a,0.0,0.0,1,5,the_surprise.txt
35,dog,0.13133792579174042,0.13133792579174042,3,5,the_surprise.txt
36,his,0.0,0.0,3,6,the_surprise.txt
37,father,0.0,0.20399492979049683,6,6,the_surprise.txt
38,went,0.23569971323013306,0.23569971323013306,4,6,the_surprise.txt
39,to,0.0,0.0,2,6,the_surprise.txt
40,look,0.1566544994711876,0.18701769411563873,4,6,the_surprise.txt
41,for,0.0,0.0,3,6,the_surprise.txt
42,a,0.0,0.0,1,6,the_surprise.txt
43,present,0.23758695522944132,0.319266676902771,7,6,the_surprise.txt
44,first,0.0,0.0,5,7,the_surprise.txt
45,he,0.0,0.0,2,7,the_surprise.txt
46,went,0.0,0.08653220534324646,4,7,the_surprise.txt
47,into,0.0,0.0,4,7,the_surprise.txt
48,the,0.0,0.0,3,7,the_surprise.txt
49,toy,-0.0699463039636612,-0.0699463039636612,3,7,the_surprise.txt
50,store,0.20385734736919403,0.2754379212856293,5,7,the_surprise.txt
51,he,0.0,0.0,2,8,the_surprise.txt
52,saw,0.0,0.0534234456717968,3,8,the_surprise.txt
53,the,0.0,0.0,3,8,the_surprise.txt
54,play,0.09845680743455887,0.09845680743455887,4,8,the_surprise.txt
55,station,0.015319928526878357,0.07299511134624481,7,8,the_surprise.txt
56,that,0.0,0.0,4,8,the_surprise.txt
57,sam,-0.025537327863276005,-0.055005334317684174,3,8,the_surprise.txt
58,wanted,0.15907099284231663,-0.039787180721759796,6,8,the_surprise.txt
59,but,0.0,0.0,3,9,the_surprise.txt
60,his,0.0,0.0,3,9,the_surprise.txt
61,father,0.0,0.34938082098960876,6,9,the_surprise.txt
62,did,0.0,0.0,3,9,the_surprise.txt
63,n't,0.0,0.0,3,9,the_surprise.txt
64,have,0.0,0.0,4,9,the_surprise.txt
65,enough,0.0,0.0,6,9,the_surprise.txt
66,money,0.2768397927284241,0.2768397927284241,5,9,the_surprise.txt
67,then,0.0,0.0,4,10,the_surprise.txt
68,he,0.0,0.0,2,10,the_surprise.txt
69,saw,0.0,-0.0018515188712626696,3,10,the_surprise.txt
70,a,0.0,0.0,1,10,the_surprise.txt
71,red,0.10467725992202759,0.10467725992202759,3,10,the_surprise.txt
72,bike,0.021889016963541508,0.00794222392141819,4,10,the_surprise.txt
73,that,0.0,0.0,4,10,the_surprise.txt
74,sam,0.026175316733618576,0.04328959435224533,3,10,the_surprise.txt
75,would,0.0,0.0,5,10,the_surprise.txt
76,love,0.08006891049444675,-0.026423223316669464,4,10,the_surprise.txt
77,but,0.0,0.0,3,11,the_surprise.txt
78,that,0.0,0.0,4,11,the_surprise.txt
79,also,0.0,0.0,4,11,the_surprise.txt
80,cost,0.0,0.0530918724834919,4,11,the_surprise.txt
81,too,0.0,0.0,3,11,the_surprise.txt
82,much,0.0,0.0,4,11,the_surprise.txt
83,he,0.0,0.0,2,12,the_surprise.txt
84,drove,0.0,-0.017880873754620552,5,12,the_surprise.txt
85,to,0.0,0.0,2,12,the_surprise.txt
86,the,0.0,0.0,3,12,the_surprise.txt
87,animal,-0.06245702877640724,-0.06245702877640724,6,12,the_surprise.txt
88,care,0.15037539042532444,0.27604246139526367,4,12,the_surprise.txt
89,center,0.20239907503128052,0.25629404187202454,6,12,the_surprise.txt
90,it,0.0,0.0,2,13,the_surprise.txt
91,was,0.0,0.0,3,13,the_surprise.txt
92,hard,0.0,0.09224602580070496,4,13,the_surprise.txt
93,to,0.0,0.0,2,13,the_surprise.txt
94,choose,0.19933977723121643,0.19933977723121643,6,13,the_surprise.txt
95,just,0.0,0.0,4,13,the_surprise.txt
96,one,0.0,0.0,3,13,the_surprise.txt
97,dog,0.18694420903921127,0.1620907336473465,3,13,the_surprise.txt
98,all,0.0,0.0,3,14,the_surprise.txt
99,of,0.0,0.0,2,14,the_surprise.txt
100,them,0.0,0.0,4,14,the_surprise.txt
101,looked,0.0,0.16518670320510864,6,14,the_surprise.txt
102,cute,0.23729005455970764,0.23729005455970764,4,14,the_surprise.txt
103,finally,0.0,-0.10063018649816513,7,15,the_surprise.txt
104,he,0.0,0.0,2,15,the_surprise.txt
105,sat,-0.0096772825345397,-0.0096772825345397,3,15,the_surprise.txt
106,down,0.0,0.0,4,15,the_surprise.txt
107,outside,0.244641225785017,0.0842232033610344,7,15,the_surprise.txt
108,of,0.0,0.0,2,15,the_surprise.txt
109,a,0.0,0.0,1,15,the_surprise.txt
110,cage,0.15935146808624268,0.2072833627462387,4,15,the_surprise.txt
111,a,0.0,0.0,1,16,the_surprise.txt
112,brown,0.0,0.14946681261062622,5,16,the_surprise.txt
113,fuzzy,0.34336140751838684,0.34336140751838684,5,16,the_surprise.txt
114,puppy,0.17692815512418747,0.20638889074325562,5,16,the_surprise.txt
115,came,0.0029008472338318825,-0.014167693443596363,4,16,the_surprise.txt
116,up,0.0,0.0,2,16,the_surprise.txt
117,to,0.0,0.0,2,16,the_surprise.txt
118,him,0.0,0.0,3,16,the_surprise.txt
119,the,0.0,0.0,3,17,the_surprise.txt
120,puppy,0.0,-0.014167693443596363,5,17,the_surprise.txt
121,put,0.0,0.0,3,17,the_surprise.txt
122,his,0.0,0.0,3,17,the_surprise.txt
123,paw,0.43916836380958557,0.43916836380958557,3,17,the_surprise.txt
124,on,0.0,0.0,2,17,the_surprise.txt
125,the,0.0,0.0,3,17,the_surprise.txt
126,cage,0.3038649260997772,0.32710087299346924,4,17,the_surprise.txt
127,it,0.0,0.0,2,18,the_surprise.txt
128,seemed,0.0,0.0,6,18,the_surprise.txt
129,like,0.0,0.1812850683927536,4,18,the_surprise.txt
130,he,0.0,0.0,2,18,the_surprise.txt
131,was,0.0,0.0,3,18,the_surprise.txt
132,saying,0.43672704696655273,0.43672704696655273,6,18,the_surprise.txt
133,take,0.0,0.0,4,18,the_surprise.txt
134,me,0.0,0.0,2,18,the_surprise.txt
135,home,0.18903741240501404,0.1701844036579132,4,18,the_surprise.txt
136,sam,0.0,-0.020831668749451637,3,19,the_surprise.txt
137,'s,0.0,0.0,2,19,the_surprise.txt
138,father,0.05508444458246231,0.05508444458246231,6,19,the_surprise.txt
139,thought,0.19338368251919746,0.45261073112487793,7,19,the_surprise.txt
140,ok,0.057362522929906845,0.017686206847429276,2,19,the_surprise.txt
141,little,0.24362837895751,0.1405872255563736,6,19,the_surprise.txt
142,pup,0.12757371366024017,0.22130483388900757,3,19,the_surprise.txt
143,i,0.0,0.0,1,19,the_surprise.txt
144,'ll,0.0,0.0,3,19,the_surprise.txt
145,take,0.0,0.0,4,19,the_surprise.txt
146,you,0.0,0.0,3,19,the_surprise.txt
147,home,0.1577822401498755,0.1454980969429016,4,19,the_surprise.txt
148,he,0.0,0.0,2,19,the_surprise.txt
149,paid,0.05563955434731075,0.1510438770055771,4,19,the_surprise.txt
150,for,0.0,0.0,3,19,the_surprise.txt
151,the,0.0,0.0,3,19,the_surprise.txt
152,puppy,0.23490946186939254,0.0077501763589680195,5,19,the_surprise.txt
153,and,0.0,0.0,3,19,the_surprise.txt
154,they,0.0,0.0,4,19,the_surprise.txt
155,put,0.0,0.0,3,19,the_surprise.txt
156,a,0.0,0.0,1,19,the_surprise.txt
157,hold,0.10300367325544357,0.023533400148153305,4,19,the_surprise.txt
158,note,0.08924818793311715,0.20518667995929718,4,19,the_surprise.txt
159,on,0.0,0.0,2,19,the_surprise.txt
160,his,0.0,0.0,3,19,the_surprise.txt
161,cage,0.11830229786309329,-0.02636842429637909,4,19,the_surprise.txt
162,the,0.0,0.0,3,20,the_surprise.txt
163,next,0.0,0.0,4,20,the_surprise.txt
164,day,0.0,0.07947345077991486,3,20,the_surprise.txt
165,sam,-0.059331994503736496,-0.059331994503736496,3,20,the_surprise.txt
166,and,0.0,0.0,3,20,the_surprise.txt
167,his,0.0,0.0,3,20,the_surprise.txt
168,dad,0.18058497458696365,0.2137525975704193,3,20,the_surprise.txt
169,went,0.14585637177030245,0.16522280871868134,4,20,the_surprise.txt
170,for,0.0,0.0,3,20,the_surprise.txt
171,a,0.0,0.0,1,20,the_surprise.txt
172,ride,0.17035318817943335,0.20663422346115112,4,20,the_surprise.txt
173,his,0.0,0.0,3,21,the_surprise.txt
174,father,0.0,0.025505585595965385,6,21,the_surprise.txt
175,drove,0.14324282109737396,0.14324282109737396,5,21,the_surprise.txt
176,to,0.0,0.0,2,21,the_surprise.txt
177,the,0.0,0.0,3,21,the_surprise.txt
178,animal,0.08877569250762463,-0.06245702877640724,6,21,the_surprise.txt
179,care,0.1855449639260769,0.27604246139526367,4,21,the_surprise.txt
180,center,0.19830048829317093,0.25629404187202454,6,21,the_surprise.txt
181,sam,0.0,-0.020908303558826447,3,22,the_surprise.txt
182,did,0.0,0.0,3,22,the_surprise.txt
183,n't,0.0,0.0,3,22,the_surprise.txt
184,understand,-0.0835537537932396,-0.0835537537932396,10,22,the_surprise.txt
185,why,0.0,0.0,3,22,the_surprise.txt
186,they,0.0,0.0,4,22,the_surprise.txt
187,were,0.0,0.0,4,22,the_surprise.txt
188,there,0.0,0.0,5,22,the_surprise.txt
189,when,0.0,0.0,4,23,the_surprise.txt
190,they,0.0,0.0,4,23,the_surprise.txt
191,walked,0.0,0.055132634937763214,6,23,the_surprise.txt
192,in,0.0,0.0,2,23,the_surprise.txt
193,there,0.0,0.0,5,23,the_surprise.txt
194,was,0.0,0.0,3,23,the_surprise.txt
195,the,0.0,0.0,3,23,the_surprise.txt
196,brown,0.12315934151411057,0.12315934151411057,5,23,the_surprise.txt
197,fuzzy,0.16982572723645717,0.34336140751838684,5,23,the_surprise.txt
198,puppy,0.1360129676759243,0.20638889074325562,5,23,the_surprise.txt
199,the,0.0,0.0,3,24,the_surprise.txt
200,worker,0.0,0.09408256411552429,6,24,the_surprise.txt
201,gave,0.028816815465688705,0.028816815465688705,4,24,the_surprise.txt
202,sam,-0.0021260492503643036,-0.04163922369480133,3,24,the_surprise.txt
203,the,0.0,0.0,3,24,the_surprise.txt
204,puppy,0.02714012811581294,0.08300470560789108,5,24,the_surprise.txt
205,and,0.0,0.0,3,24,the_surprise.txt
206,everyone,0.0,0.0,8,24,the_surprise.txt
207,sang,0.04045346938073635,-0.10754818469285965,4,24,the_surprise.txt
208,happy,0.11113384142518043,0.025820357725024223,5,24,the_surprise.txt
209,birthday,0.1556680518357704,0.34117233753204346,8,24,the_surprise.txt
210,it,0.0,0.0,2,25,the_surprise.txt
211,was,0.0,0.0,3,25,the_surprise.txt
212,the,0.0,0.0,3,25,the_surprise.txt
213,best,0.0,0.16658858954906464,4,25,the_surprise.txt
214,birthday,0.16658858954906464,0.16658858954906464,8,25,the_surprise.txt
215,ever,0.0,0.0,4,25,the_surprise.txt
1,toads,0.0,0.0,5,1,toads.txt
2,can,0.0,0.0,3,1,toads.txt
3,be,0.0,0.0,2,1,toads.txt
4,found,0.19495424628257751,0.19495424628257751,5,1,toads.txt
5,in,0.0,0.0,2,1,toads.txt
6,almost,0.0,0.0,6,1,toads.txt
7,every,0.0,0.0,5,1,toads.txt
8,part,0.0,0.0,4,1,toads.txt
9,of,0.0,0.0,2,1,toads.txt
10,the,0.0,0.0,3,1,toads.txt
11,world,0.18832748383283615,0.2191212773323059,5,1,toads.txt
12,freezing,0.0,0.21993592381477356,8,2,toads.txt
13,temperatures,0.5897151231765747,0.5897151231765747,12,2,toads.txt
14,cause,0.4036261588335037,0.3662346601486206,5,2,toads.txt
15,unsafe,0.27524109681447345,0.31521543860435486,6,2,toads.txt
16,conditions,0.4470268115401268,0.21564701199531555,10,2,toads.txt
17,for,0.0,0.0,3,2,toads.txt
18,these,0.0,0.0,5,2,toads.txt
19,cold,0.38945417404174804,0.26047441363334656,4,2,toads.txt
20,blooded,0.25835416838526726,0.4441782832145691,7,2,toads.txt
21,animals,0.33851940291268484,0.3453078866004944,7,2,toads.txt
22,in,0.0,0.0,2,3,toads.txt
23,northern,0.0,0.19062411785125732,8,3,toads.txt
24,climates,0.44236624240875244,0.44236624240875244,8,3,toads.txt
25,toads,0.32886990904808044,0.35462185740470886,5,3,toads.txt
26,hibernate,0.3428713579972585,0.39688482880592346,9,3,toads.txt
27,all,0.0,0.0,3,3,toads.txt
28,through,0.0,0.0,7,3,toads.txt
29,winter,0.4317246079444885,0.45869025588035583,6,3,toads.txt
30,they,0.0,0.0,4,4,toads.txt
31,protect,0.0,0.19669389724731445,7,4,toads.txt
32,themselves,0.0,0.0,10,4,toads.txt
33,by,0.0,0.0,2,4,toads.txt
34,making,0.38062039017677307,0.38062039017677307,6,4,toads.txt
35,nests,0.21527519822120667,0.21305499970912933,5,4,toads.txt
36,underground,0.39894606669743854,0.4203149676322937,11,4,toads.txt
37,toads,0.0,0.29856428503990173,5,5,toads.txt
38,sleep,0.16360965371131897,0.16360965371131897,5,5,toads.txt
39,in,0.0,0.0,2,5,toads.txt
40,those,0.0,0.0,5,5,toads.txt
41,nests,0.402361124753952,0.25551509857177734,5,5,toads.txt
42,all,0.0,0.0,3,5,toads.txt
43,day,0.19667969147364298,0.176146999001503,3,5,toads.txt
44,they,0.0,0.0,4,6,toads.txt
45,are,0.0,0.0,3,6,toads.txt
46,mostly,0.0,0.0,6,6,toads.txt
47,awake,0.0,0.2257632315158844,5,6,toads.txt
48,after,0.0,0.0,5,6,toads.txt
49,dark,0.3097981810569763,0.3097981810569763,4,6,toads.txt
50,that,0.0,0.0,4,7,toads.txt
51,is,0.0,0.0,2,7,toads.txt
52,when,0.0,0.0,4,7,toads.txt
53,the,0.0,0.0,3,7,toads.txt
54,hunt,0.0,0.1824617236852646,4,7,toads.txt
55,for,0.0,0.0,3,7,toads.txt
56,food,0.11827229708433151,0.11827229708433151,4,7,toads.txt
57,takes,0.12287259474396706,0.12163281440734863,5,7,toads.txt
58,place,0.21875062584877014,0.1766802966594696,5,7,toads.txt
59,toads,0.0,0.20735159516334534,5,8,toads.txt
60,eat,0.2594378888607025,0.2594378888607025,3,8,toads.txt
61,mostly,0.0,0.0,6,8,toads.txt
62,bugs,0.35382162034511566,0.23341384530067444,4,8,toads.txt
63,and,0.0,0.0,3,8,toads.txt
64,worms,0.5251377324263254,0.6154051423072815,5,8,toads.txt
65,in,0.0,0.0,2,9,toads.txt
66,some,0.0,0.0,4,9,toads.txt
67,places,0.0,0.3138402998447418,6,9,toads.txt
68,they,0.0,0.0,4,9,toads.txt
69,have,0.0,0.0,4,9,toads.txt
70,learned,0.24115990102291107,0.24115990102291107,7,9,toads.txt
71,to,0.0,0.0,2,9,toads.txt
72,try,0.2266356647014618,0.2671978771686554,3,9,toads.txt
73,new,0.16653298834959665,0.14582784473896027,3,9,toads.txt
74,foods,0.221811231225729,0.10012301802635193,5,9,toads.txt
75,toads,0.0,0.27487045526504517,5,10,toads.txt
76,capture,0.14265161752700806,0.14265161752700806,7,10,toads.txt
77,prey,0.40787841379642487,0.32629668712615967,4,10,toads.txt
78,with,0.0,0.0,4,10,toads.txt
79,their,0.0,0.0,5,10,toads.txt
80,sticky,0.1417987085878849,0.16235904395580292,6,10,toads.txt
81,tongue,0.2502638231962919,0.4187338054180145,6,10,toads.txt
82,they,0.0,0.0,4,11,toads.txt
83,hunt,0.0,0.06129514425992966,4,11,toads.txt
84,on,0.0,0.0,2,11,toads.txt
85,land,0.20474667847156525,0.20474667847156525,4,11,toads.txt
86,and,0.0,0.0,3,11,toads.txt
87,in,0.0,0.0,2,11,toads.txt
88,water,0.2405583094805479,0.4278491139411926,5,11,toads.txt
89,toads,0.0,0.3296535611152649,5,12,toads.txt
90,have,0.0,0.0,4,12,toads.txt
91,odd,0.09819576889276505,0.09819576889276505,3,12,toads.txt
92,eyes,0.16479291021823883,0.0778704285621643,4,12,toads.txt
93,that,0.0,0.0,4,12,toads.txt
94,help,0.011804427641133467,0.11435311287641525,4,12,toads.txt
95,them,0.0,0.0,4,12,toads.txt
96,to,0.0,0.0,2,12,toads.txt
97,swim,0.12855646247044206,0.1195773184299469,4,12,toads.txt
98,and,0.0,0.0,3,12,toads.txt
99,hunt,0.17849246859550477,0.3230115473270416,4,12,toads.txt
100,in,0.0,0.0,2,12,toads.txt
101,low,0.055162499037881695,-0.030947593972086906,3,12,toads.txt
102,light,0.18919244342084443,0.3347945511341095,5,12,toads.txt
103,their,0.0,0.0,5,13,toads.txt
104,eyeballs,0.0,0.3027248978614807,8,13,toads.txt
105,have,0.0,0.0,4,13,toads.txt
106,a,0.0,0.0,1,13,toads.txt
107,seethrough,0.0,0.0,10,13,toads.txt
108,lid,0.1650332808494568,0.0,3,13,toads.txt
109,which,0.0,0.0,5,13,toads.txt
110,enables,0.060674903293450676,0.09269419312477112,7,13,toads.txt
111,them,0.0,0.0,4,13,toads.txt
112,to,0.0,0.0,2,13,toads.txt
113,see,0.0,0.0,3,13,toads.txt
114,underwater,0.15679199993610382,0.32526153326034546,10,13,toads.txt
115,their,0.0,0.0,5,14,toads.txt
116,vision,0.0,0.4381725490093231,6,14,toads.txt
117,is,0.0,0.0,2,14,toads.txt
118,really,0.0,0.0,6,14,toads.txt
119,good,0.18793989717960358,0.18793989717960358,4,14,toads.txt
120,at,0.0,0.0,2,14,toads.txt
121,spotting,0.39322564005851746,0.3395732343196869,8,14,toads.txt
122,movement,0.40328481793403625,0.47136926651000977,8,14,toads.txt
123,even,0.0,0.0,4,14,toads.txt
124,in,0.0,0.0,2,14,toads.txt
125,a,0.0,0.0,1,14,toads.txt
126,murky,-0.001492530107498169,-0.10201004892587662,5,14,toads.txt
127,pond,0.16319106742739678,0.3010740578174591,4,14,toads.txt
128,or,0.0,0.0,2,14,toads.txt
129,on,0.0,0.0,2,14,toads.txt
130,a,0.0,0.0,1,14,toads.txt
131,cold,0.20088654632369676,0.22191572189331055,4,14,toads.txt
132,moonless,0.33325336022036417,0.4695124924182892,8,14,toads.txt
133,night,0.25549633882474154,0.4049885869026184,5,14,toads.txt
134,but,0.0,0.0,3,15,toads.txt
135,a,0.0,0.0,1,15,toads.txt
136,toad,0.0,0.024137480184435844,4,15,toads.txt
137,'s,0.0,0.0,2,15,toads.txt
138,eyesight,0.13592007756233215,0.13592007756233215,8,15,toads.txt
139,is,0.0,0.0,2,15,toads.txt
140,not,0.0,0.0,3,15,toads.txt
141,very,0.0,0.0,4,15,toads.txt
142,sharp,0.22806173004209995,0.42483314871788025,5,15,toads.txt
143,an,0.0,0.0,2,16,toads.txt
144,insect,0.0,0.1933339536190033,6,16,toads.txt
145,can,0.0,0.0,3,16,toads.txt
146,be,0.0,0.0,2,16,toads.txt
147,standing,0.1845213770866394,0.1845213770866394,8,16,toads.txt
148,right,0.4267142564058304,0.6009863018989563,5,16,toads.txt
149,in,0.0,0.0,2,16,toads.txt
150,front,0.0,0.0,5,16,toads.txt
151,of,0.0,0.0,2,16,toads.txt
152,the,0.0,0.0,3,16,toads.txt
153,toad,0.1358024263754487,0.020433207973837852,4,16,toads.txt
154,and,0.0,0.0,3,16,toads.txt
155,as,0.0,0.0,2,16,toads.txt
156,long,0.2385795433074236,0.05722252279520035,4,16,toads.txt
157,as,0.0,0.0,2,16,toads.txt
158,that,0.0,0.0,4,16,toads.txt
159,bug,0.19089594669640064,0.014124758541584015,3,16,toads.txt
160,stays,0.13619371068974337,0.09480289369821548,5,16,toads.txt
161,very,0.0,0.0,4,16,toads.txt
162,still,0.0,0.0,5,16,toads.txt
163,the,0.0,0.0,3,16,toads.txt
164,toad,0.2502263165744288,-0.053166646510362625,4,16,toads.txt
165,will,0.0,0.0,4,16,toads.txt
166,not,0.0,0.0,3,16,toads.txt
167,see,0.0,0.0,3,16,toads.txt
168,anything,0.0,0.0,8,16,toads.txt
169,but,0.0,0.0,3,17,toads.txt
170,as,0.0,0.0,2,17,toads.txt
171,soon,0.0,-0.010726377367973328,4,17,toads.txt
172,as,0.0,0.0,2,17,toads.txt
173,the,0.0,0.0,3,17,toads.txt
174,insect,0.11907088756561279,0.11907088756561279,6,17,toads.txt
175,moves,0.16551534086465836,0.18215875327587128,5,17,toads.txt
176,the,0.0,0.0,3,17,toads.txt
177,toad,0.13202715075264373,0.0064897434785962105,4,17,toads.txt
178,will,0.0,0.0,4,17,toads.txt
179,suddenly,0.3056540936231613,0.1471521556377411,8,17,toads.txt
180,react,0.21186496261507273,0.2782677412033081,5,17,toads.txt
181,in,0.0,0.0,2,18,toads.txt
182,an,0.0,0.0,2,18,toads.txt
183,instant,0.0,0.21161749958992004,7,18,toads.txt
184,the,0.0,0.0,3,18,toads.txt
185,long,0.2540334165096283,0.2540334165096283,4,18,toads.txt
186,sticky,0.23524165153503418,0.1953834891319275,6,18,toads.txt
187,tongue,0.19888493170340857,0.4187338054180145,6,18,toads.txt
188,will,0.0,0.0,4,18,toads.txt
189,dart,0.1397788356989622,0.281665563583374,4,18,toads.txt
190,out,0.0,0.0,3,18,toads.txt
191,and,0.0,0.0,3,18,toads.txt
192,eat,0.1440601609647274,0.09502208977937698,3,18,toads.txt
193,the,0.0,0.0,3,18,toads.txt
194,victim,0.07938909872124593,-0.05905858054757118,6,18,toads.txt
195,the,0.0,0.0,3,19,toads.txt
196,hunter,0.0,0.2619073987007141,6,19,toads.txt
197,'s,0.0,0.0,2,19,toads.txt
198,aim,0.08306480199098587,0.08306480199098587,3,19,toads.txt
199,is,0.0,0.0,2,19,toads.txt
200,spot,0.2074781209230423,0.17503325641155243,4,19,toads.txt
201,on,0.0,0.0,2,19,toads.txt
202,so,0.0,0.0,2,19,toads.txt
203,it,0.0,0.0,2,19,toads.txt
204,catches,0.23750614374876022,0.33693772554397583,7,19,toads.txt
205,many,0.0,0.0,4,19,toads.txt
206,snails,0.21169005054980516,0.3208259344100952,6,19,toads.txt
207,slugs,0.3211200773715973,0.7113310098648071,5,19,toads.txt
208,and,0.0,0.0,3,19,toads.txt
209,flies,0.32352175066868466,0.43376487493515015,5,19,toads.txt
210,in,0.0,0.0,2,20,toads.txt
211,many,0.0,0.0,4,20,toads.txt
212,parts,0.0,0.23664426803588867,5,20,toads.txt
213,of,0.0,0.0,2,20,toads.txt
214,the,0.0,0.0,3,20,toads.txt
215,world,0.3412884771823883,0.3412884771823883,5,20,toads.txt
216,toads,0.2093701884150505,0.1575336903333664,5,20,toads.txt
217,are,0.0,0.0,3,20,toads.txt
218,considered,0.31896023948987323,0.14240697026252747,10,20,toads.txt
219,to,0.0,0.0,2,20,toads.txt
220,be,0.0,0.0,2,20,toads.txt
221,pests,0.32094931975007057,0.25994959473609924,5,20,toads.txt
222,a,0.0,0.0,1,21,toads.txt
223,long,0.0,0.1762188822031021,4,21,toads.txt
224,time,0.37654605507850647,0.37654605507850647,4,21,toads.txt
225,ago,0.026080567855387926,0.053604915738105774,3,21,toads.txt
226,humans,0.21830578396717706,0.06357725709676743,6,21,toads.txt
227,used,0.0,0.0,4,21,toads.txt
228,to,0.0,0.0,2,21,toads.txt
229,bring,0.16069044545292854,0.2289019674062729,5,21,toads.txt
230,toads,0.14822747223079205,0.024687854573130608,5,21,toads.txt
231,on,0.0,0.0,2,21,toads.txt
232,ships,0.19880538992583752,0.24688896536827087,5,21,toads.txt
233,to,0.0,0.0,2,21,toads.txt
234,new,0.14511227042281202,0.1518629938364029,3,21,toads.txt
235,lands,0.24880399042740464,0.16274762153625488,5,21,toads.txt
236,in,0.0,0.0,2,22,toads.txt
237,those,0.0,0.0,5,22,toads.txt
238,days,0.0,0.16221347451210022,4,22,toads.txt
239,humans,0.11864863336086273,0.11864863336086273,6,22,toads.txt
240,used,0.0,0.0,4,22,toads.txt
241,to,0.0,0.0,2,22,toads.txt
242,believe,0.28665580227971077,0.4651235342025757,7,22,toads.txt
243,that,0.0,0.0,4,22,toads.txt
244,toads,0.2028129349152247,0.10454452037811279,5,22,toads.txt
245,would,0.0,0.0,5,22,toads.txt
246,eat,0.22301851585507393,0.2594378888607025,3,22,toads.txt
247,the,0.0,0.0,3,22,toads.txt
248,bugs,0.25258743315935134,0.23341384530067444,4,22,toads.txt
249,that,0.0,0.0,4,22,toads.txt
250,like,0.2670211140066385,0.21090932190418243,4,22,toads.txt
251,to,0.0,0.0,2,22,toads.txt
252,eat,0.3497308726821627,0.3226282000541687,3,22,toads.txt
253,crops,0.25677378103137016,0.23649325966835022,5,22,toads.txt
254,but,0.0,0.0,3,23,toads.txt
255,without,0.0,0.0,7,23,toads.txt
256,natural,0.0,0.3026679456233978,7,23,toads.txt
257,predators,0.40043261647224426,0.40043261647224426,9,23,toads.txt
258,toads,0.33628881722688675,0.4892096519470215,5,23,toads.txt
259,quickly,0.26431209842363995,0.1638735830783844,7,23,toads.txt
260,grew,0.06470800982788205,0.0689891055226326,4,23,toads.txt
261,in,0.0,0.0,2,23,toads.txt
262,numbers,0.2585237927734852,0.055840540677309036,7,23,toads.txt
263,now,0.0,0.0,3,24,toads.txt
264,toads,0.0,0.23874184489250183,5,24,toads.txt
265,harm,0.07774858921766281,0.07774858921766281,4,24,toads.txt
266,local,0.06863643601536751,0.049304790794849396,5,24,toads.txt
267,habitats,0.31237755219141644,0.20754551887512207,8,24,toads.txt
268,by,0.0,0.0,2,24,toads.txt
269,eating,0.3095555678009987,0.3513912260532379,6,24,toads.txt
270,up,0.0,0.0,2,24,toads.txt
271,all,0.0,0.0,3,24,toads.txt
272,the,0.0,0.0,3,24,toads.txt
273,food,0.3287067413330078,0.5599008798599243,4,24,toads.txt
274,they,0.0,0.0,4,25,toads.txt
275,also,0.0,0.0,4,25,toads.txt
276,harm,0.0,0.1700572967529297,4,25,toads.txt
277,many,0.0,0.0,4,25,toads.txt
278,animals,0.30719876289367676,0.30719876289367676,7,25,toads.txt
279,who,0.0,0.0,3,25,toads.txt
280,try,0.1982341632246971,0.15203121304512024,3,25,toads.txt
281,to,0.0,0.0,2,25,toads.txt
282,eat,0.30455615123112995,0.4163646399974823,3,25,toads.txt
283,them,0.0,0.0,4,25,toads.txt
284,the,0.0,0.0,3,26,toads.txt
285,animals,0.0,0.2669753134250641,7,26,toads.txt
286,do,0.0,0.0,2,26,toads.txt
287,not,0.0,0.0,3,26,toads.txt
288,know,0.2486756592988968,0.2486756592988968,4,26,toads.txt
289,that,0.0,0.0,4,26,toads.txt
290,toads,0.32507263869047165,0.1451893299818039,5,26,toads.txt
291,have,0.0,0.0,4,26,toads.txt
292,poison,0.3485151529312134,0.37498530745506287,6,26,toads.txt
293,in,0.0,0.0,2,26,toads.txt
294,their,0.0,0.0,5,26,toads.txt
295,skin,0.19973889365792274,0.22847576439380646,4,26,toads.txt
296,so,0.0,0.0,2,27,toads.txt
297,now,0.0,0.0,3,27,toads.txt
298,humans,0.0,0.27819347381591797,6,27,toads.txt
299,are,0.0,0.0,3,27,toads.txt
300,trying,0.30096888542175293,0.30096888542175293,6,27,toads.txt
301,to,0.0,0.0,2,27,toads.txt
302,get,0.0,0.0,3,27,toads.txt
303,rid,0.13539551943540573,0.1736753284931183,3,27,toads.txt
304,of,0.0,0.0,2,27,toads.txt
305,toads,0.19275353103876114,0.11303327977657318,5,27,toads.txt
306,in,0.0,0.0,2,27,toads.txt
307,gardens,0.13143819384276867,0.3149484097957611,7,27,toads.txt
308,and,0.0,0.0,3,27,toads.txt
309,parks,0.19955583438277244,0.6048873066902161,5,27,toads.txt
